epoch,time,train/loss,metrics/accuracy_top1,metrics/accuracy_top5,val/loss,lr/pg0,lr/pg1,lr/pg2
1,38.6939,0.9601,0.87059,1,0.41292,0.000411255,0.000411255,0.000411255
2,76.9912,0.45935,0.94706,1,0.19623,0.000554708,0.000554708,0.000554708
3,117.931,0.39957,0.94706,1,0.17137,0.00042316,0.00042316,0.00042316
